{
    "timestep": 20000,
    "mean_reward": 9.722952566959702,
    "mean_cost": 186.6,
    "success_rate": 0.0,
    "combined_score": -83.57704743304029,
    "criterion": "combined"
}