{
    "timestep": 10000,
    "mean_reward": 0.06453704903596673,
    "mean_cost": 0.0,
    "success_rate": 0.0,
    "combined_score": 0.06453704903596673,
    "criterion": "combined"
}