{
    "timestep": 10000,
    "mean_reward": 1.4948924506344838,
    "mean_cost": 71.4,
    "success_rate": 0.0,
    "combined_score": -34.20510754936552,
    "criterion": "reward"
}