{
    "timestep": 130000,
    "mean_reward": 34.91616578678831,
    "mean_cost": 71.0,
    "success_rate": 0.0,
    "combined_score": -0.5838342132116878,
    "criterion": "reward"
}