{
    "timestep": 190000,
    "mean_reward": 36.279362315771685,
    "mean_cost": 44.8,
    "success_rate": 0.0,
    "combined_score": 13.879362315771687,
    "criterion": "reward"
}