{
    "timestep": 150000,
    "mean_reward": 34.99460469911827,
    "mean_cost": 44.0,
    "success_rate": 0.0,
    "combined_score": 12.99460469911827,
    "criterion": "reward"
}